User ID,Name,Email,Outstanding Amount,Due Date,Loan Type,Phone Number
201,John Doe,user201@example.com,3027,2025-01-25,Home Loan,+12345678201
202,Jane Smith,user202@example.com,2970,2025-01-21,Car Loan,+12345678202
203,Mike Johnson,user203@example.com,4348,2025-01-20,Home Loan,+12345678203
204,Sarah Brown,user204@example.com,965,2025-01-07,Car Loan,+12345678204
205,David Wilson,user205@example.com,2777,2025-01-27,Education Loan,+12345678205
206,Linda Taylor,user206@example.com,1716,2025-01-10,Home Loan,+12345678206
207,Chris Martin,user207@example.com,2035,2025-01-22,Home Loan,+12345678207
208,Alice Green,user208@example.com,2256,2025-01-28,Home Loan,+12345678208
209,Paul Walker,user209@example.com,950,2025-01-29,Car Loan,+12345678209
210,Emma Davis,user210@example.com,2027,2025-01-07,Home Loan,+12345678210
211,Ryan Clark,user211@example.com,3954,2025-01-07,Home Loan,+12345678211
212,Sophia Turner,user212@example.com,3932,2025-02-01,Education Loan,+12345678212
213,Daniel Harris,user213@example.com,3687,2025-01-15,Home Loan,+12345678213
214,Olivia Wright,user214@example.com,1871,2025-01-09,Personal Loan,+12345678214
215,James King,user215@example.com,2891,2025-01-21,Education Loan,+12345678215
216,Isabella Young,user216@example.com,3165,2025-01-03,Home Loan,+12345678216
217,Logan Scott,user217@example.com,2772,2025-01-31,Personal Loan,+12345678217
218,Mia Hall,user218@example.com,1307,2025-01-11,Home Loan,+12345678218
219,Ethan Adams,user219@example.com,4893,2025-01-11,Car Loan,+12345678219
220,Lily Baker,user220@example.com,4249,2025-01-14,Education Loan,+12345678220
221,Mason Carter,user221@example.com,1471,2025-01-11,Personal Loan,+12345678221
222,Chloe Nelson,user222@example.com,1173,2025-01-19,Car Loan,+12345678222
223,Lucas Perez,user223@example.com,1776,2025-01-24,Personal Loan,+12345678223
224,Amelia Reed,user224@example.com,4762,2025-01-30,Education Loan,+12345678224
225,Jacob Mitchell,user225@example.com,2024,2025-01-13,Education Loan,+12345678225
226,Charlotte Roberts,user226@example.com,931,2025-01-30,Education Loan,+12345678226
227,Alexander Lee,user227@example.com,2577,2025-01-31,Car Loan,+12345678227
228,Grace White,user228@example.com,4193,2025-01-14,Personal Loan,+12345678228
229,Benjamin Lewis,user229@example.com,3627,2025-01-17,Home Loan,+12345678229
230,Ella Stewart,user230@example.com,1549,2025-01-30,Personal Loan,+12345678230
